,split0_test_rmse,split1_test_rmse,split2_test_rmse,split3_test_rmse,split4_test_rmse,mean_test_rmse,std_test_rmse,rank_test_rmse,split0_test_mae,split1_test_mae,split2_test_mae,split3_test_mae,split4_test_mae,mean_test_mae,std_test_mae,rank_test_mae,mean_fit_time,std_fit_time,mean_test_time,std_test_time,params,param_n_factors,param_n_epochs
0,1.0005311684876694,1.0094309872183713,1.0010922629932757,0.9937961205109078,0.9973221587481526,1.0004345395916754,0.005198721564451465,1,0.7912091116174288,0.7927632174933592,0.788745943787906,0.782682287931518,0.7824499947784668,0.7875701111217358,0.004282514863043077,1,2.6579232692718504,0.038360816064645406,0.22861528396606445,0.0207925837114938,"{'n_factors': 50, 'n_epochs': 40}",50,40
